dept_id,name_ko,kind,college,department,major,list_url,link_selector,content_selector,url_prefix,fetch_type,login,seed_pages,discord_channel_id,discord_role_id,icon_url,active,note,fetch_config
scatch_haksa,학사공지,general,,,,https://scatch.ssu.ac.kr/%ea%b3%b5%ec%a7%80%ec%82%ac%ed%95%ad/?f&category=%ED%95%99%EC%82%AC&keyword,div.notice_col3 a,div.col-xl-10 > div.p-4 > div:last-of-type,,html,0,3,1355604572353069200,,https://ssu.ac.kr/wp-content/uploads/2019/05/suu_emblem1.jpg,1,,
scatch_janghak,장학공지,general,,,,https://scatch.ssu.ac.kr/%ea%b3%b5%ec%a7%80%ec%82%ac%ed%95%ad/?f&category=%EC%9E%A5%ED%95%99&keyword,div.notice_col3 a,div.col-xl-10 > div.p-4 > div:last-of-type,,html,0,3,,,https://ssu.ac.kr/wp-content/uploads/2019/05/suu_emblem1.jpg,1,,
scatch_gukje,국제교류공지,general,,,,https://scatch.ssu.ac.kr/%ea%b3%b5%ec%a7%80%ec%82%ac%ed%95%ad/?f&category=%EA%B5%AD%EC%A0%9C%EA%B5%90%EB%A5%98&keyword,div.notice_col3 a,div.col-xl-10 > div.p-4 > div:last-of-type,,html,0,3,,,https://ssu.ac.kr/wp-content/uploads/2019/05/suu_emblem1.jpg,1,,
scatch_foreign,외국인유학생공지,general,,,,https://scatch.ssu.ac.kr/%ea%b3%b5%ec%a7%80%ec%82%ac%ed%95%ad/?f&category=%EC%99%B8%EA%B5%AD%EC%9D%B8%EC%9C%A0%ED%95%99%EC%83%9D&keyword,div.notice_col3 a,div.col-xl-10 > div.p-4 > div:last-of-type,,html,0,3,,,https://ssu.ac.kr/wp-content/uploads/2019/05/suu_emblem1.jpg,1,,
scatch_chaeyong,채용공지,general,,,,https://scatch.ssu.ac.kr/%ea%b3%b5%ec%a7%80%ec%82%ac%ed%95%ad/?f&category=%EC%B1%84%EC%9A%A9&keyword,div.notice_col3 a,div.col-xl-10 > div.p-4 > div:last-of-type,,html,0,3,,,https://ssu.ac.kr/wp-content/uploads/2019/05/suu_emblem1.jpg,1,,
scatch_event,행사공지,general,,,,https://scatch.ssu.ac.kr/%ea%b3%b5%ec%a7%80%ec%82%ac%ed%95%ad/?f&category=%EB%B9%84%EA%B5%90%EA%B3%BC%C2%B7%ED%96%89%EC%82%AC&keyword,div.notice_col3 a,div.col-xl-10 > div.p-4 > div:last-of-type,,html,0,3,,,https://ssu.ac.kr/wp-content/uploads/2019/05/suu_emblem1.jpg,1,,
scatch_bongsa,봉사공지,general,,,,https://scatch.ssu.ac.kr/%ea%b3%b5%ec%a7%80%ec%82%ac%ed%95%ad/?f&category=%EB%B4%89%EC%82%AC&keyword,div.notice_col3 a,div.col-xl-10 > div.p-4 > div:last-of-type,,html,0,3,,,https://ssu.ac.kr/wp-content/uploads/2019/05/suu_emblem1.jpg,1,,
scatch_etc,기타공지,general,,,,https://scatch.ssu.ac.kr/%ea%b3%b5%ec%a7%80%ec%82%ac%ed%95%ad/?f&category=%EA%B8%B0%ED%83%80&keyword,div.notice_col3 a,div.col-xl-10 > div.p-4 > div:last-of-type,,html,0,3,,,https://ssu.ac.kr/wp-content/uploads/2019/05/suu_emblem1.jpg,1,,
docs,인문대학 기독교학과,major,인문대학,기독교학과,,https://docs.ssu.ac.kr/%ed%95%99%ea%b3%bc%ec%82%ac%eb%ac%b4%ec%8b%a4%ec%95%8c%eb%a6%bc/%ea%b3%b5%ec%a7%80%ec%82%ac%ed%95%ad/,tr > td.title > a,#mform > table,,html,0,3,,,https://ssu.ac.kr/wp-content/uploads/2019/05/suu_emblem1.jpg,1,,
korlan,인문대학 국어국문학과,major,인문대학,국어국문학과,,https://korlan.ssu.ac.kr/%ed%95%99%ea%b3%bc%ec%82%ac%eb%ac%b4%ec%8b%a4%ec%95%8c%eb%a6%bc/%ea%b3%b5%ec%a7%80%ec%82%ac%ed%95%ad/,tr > td.title > a,#mform > table,,html,0,3,,,https://ssu.ac.kr/wp-content/uploads/2019/05/suu_emblem1.jpg,1,,
englan,인문대학 영어영문학과,major,인문대학,영어영문학과,,https://englan.ssu.ac.kr/%ed%95%99%ea%b3%bc%ec%82%ac%eb%ac%b4%ec%8b%a4%ec%95%8c%eb%a6%bc/%ea%b3%b5%ec%a7%80%ec%82%ac%ed%95%ad/,tr > td.title > a,#mform > table,,html,0,3,,,https://ssu.ac.kr/wp-content/uploads/2019/05/suu_emblem1.jpg,1,,
gerlan,인문대학 독어독문학과,major,인문대학,독어독문학과,,https://gerlan.ssu.ac.kr/%ed%95%99%ea%b3%bc%ec%82%ac%eb%ac%b4%ec%8b%a4%ec%95%8c%eb%a6%bc/%ea%b3%b5%ec%a7%80%ec%82%ac%ed%95%ad/,tr > td.title > a,#mform > table,,html,0,3,,,https://ssu.ac.kr/wp-content/uploads/2019/05/suu_emblem1.jpg,1,,
france,인문대학 불어불문학과,major,인문대학,불어불문학과,,https://france.ssu.ac.kr/%ed%95%99%ea%b3%bc%ec%82%ac%eb%ac%b4%ec%8b%a4%ec%95%8c%eb%a6%bc/%ea%b3%b5%ec%a7%80%ec%82%ac%ed%95%ad/,tr > td.title > a,#mform > table,,html,0,3,,,https://ssu.ac.kr/wp-content/uploads/2019/05/suu_emblem1.jpg,1,,
chilan,인문대학 중어중문학과,major,인문대학,중어중문학과,,https://chilan.ssu.ac.kr/%ed%95%99%ea%b3%bc%ec%82%ac%eb%ac%b4%ec%8b%a4%ec%95%8c%eb%a6%bc/%ea%b3%b5%ec%a7%80%ec%82%ac%ed%95%ad/,tr > td.title > a,#mform > table,,html,0,3,,,https://ssu.ac.kr/wp-content/uploads/2019/05/suu_emblem1.jpg,1,,
japanstu,인문대학 일어일문학과,major,인문대학,일어일문학과,,https://japanstu.ssu.ac.kr/%ed%95%99%ea%b3%bc%ec%82%ac%eb%ac%b4%ec%8b%a4%ec%95%8c%eb%a6%bc/%ea%b3%b5%ec%a7%80%ec%82%ac%ed%95%ad/,tr > td.title > a,#mform > table,,html,0,3,,,https://ssu.ac.kr/wp-content/uploads/2019/05/suu_emblem1.jpg,1,,
philo,인문대학 철학과,major,인문대학,철학과,,https://philo.ssu.ac.kr/%ed%95%99%ea%b3%bc%ec%82%ac%eb%ac%b4%ec%8b%a4%ec%95%8c%eb%a6%bc/%ea%b3%b5%ec%a7%80%ec%82%ac%ed%95%ad/,tr > td.title > a,#mform > table,,html,0,3,,,https://ssu.ac.kr/wp-content/uploads/2019/05/suu_emblem1.jpg,1,,
history,인문대학 사학과,major,인문대학,사학과,,https://history.ssu.ac.kr/%ed%95%99%ea%b3%bc%ec%86%8c%ec%8b%9d/%ed%95%99%ea%b3%bc%ea%b3%b5%ec%a7%80/,tr > td.title > a,#mform > table,,html,0,3,,,https://ssu.ac.kr/wp-content/uploads/2019/05/suu_emblem1.jpg,1,,
creativewriting,인문대학 예술창작학부 문예창작전공,major,인문대학,예술창작학부,문예창작전공,https://creativewriting.ssu.ac.kr/%ea%b3%b5%ec%a7%80/%ea%b3%b5%ec%a7%80%ec%82%ac%ed%95%ad/,tr > td.title > a,#mform > table,,html,0,3,,,https://ssu.ac.kr/wp-content/uploads/2019/05/suu_emblem1.jpg,1,,
ssfilm,인문대학 예술창작학부 영화예술전공,major,인문대학,예술창작학부,영화예술전공,http://ssfilm.ssu.ac.kr/notice/notice_list?LastNoticeIndex=0&_=1755606811304,,,,json_ssfilm,0,3,,,https://ssu.ac.kr/wp-content/uploads/2019/05/suu_emblem1.jpg,1,,
sports,인문대학 스포츠학부,major,인문대학,스포츠학부,,https://sports.ssu.ac.kr/%ec%9e%90%eb%a3%8c%ec%8b%a4/%ec%8b%a0%ec%95%99%ec%9e%90%eb%a3%8c%ec%8b%a4/,tr > td.title > a,#mform > table,,html,0,3,,,https://ssu.ac.kr/wp-content/uploads/2019/05/suu_emblem1.jpg,1,,
math,자연과학대학 수학과,major,자연과학대학,수학과,,https://math.ssu.ac.kr/?page_id=977,tr > td.title > a,#mform > table,,html,0,3,,,https://ssu.ac.kr/wp-content/uploads/2019/05/suu_emblem1.jpg,1,,
physics,자연과학대학 물리학과,major,자연과학대학,물리학과,,https://physics.ssu.ac.kr/%ea%b2%8c%ec%8b%9c%ed%8c%90/%ea%b3%b5%ec%a7%80%ec%82%ac%ed%95%ad/,tr > td.title > a,#mform > table,,html,0,3,,,https://ssu.ac.kr/wp-content/uploads/2019/05/suu_emblem1.jpg,1,,
chem,자연과학대학 화학과,major,자연과학대학,화학과,,https://chem.ssu.ac.kr/%ea%b3%b5%ec%a7%80%ec%82%ac%ed%95%ad/,tr > td.title > a,#mform > table,,html,0,3,,,https://ssu.ac.kr/wp-content/uploads/2019/05/suu_emblem1.jpg,1,,
stat,자연과학대학 정보통계·보험수리학과,major,자연과학대학,정보통계·보험수리학과,,https://stat.ssu.ac.kr/notice.html,div.table-responsive.notice-table > table.table td > a,#sub_contents > div > div > div.table-responsive.noticeView-table > table,,html,0,3,,,https://ssu.ac.kr/wp-content/uploads/2019/05/suu_emblem1.jpg,1,,
bioinfo,자연과학대학 의생명시스템학부,major,자연과학대학,의생명시스템학부,,https://bioinfo.ssu.ac.kr/%ea%b2%8c%ec%8b%9c%ed%8c%90/%ea%b3%b5%ec%a7%80%ec%82%ac%ed%95%ad/,tr > td.title > a,#mform > table,,html,0,3,,,https://ssu.ac.kr/wp-content/uploads/2019/05/suu_emblem1.jpg,1,,
law,법과대학 법학과,major,법과대학,법학과,,https://law.ssu.ac.kr/menu5/m5sub3/,tr > td.title > a,#mform > table,,html,0,3,,,https://ssu.ac.kr/wp-content/uploads/2019/05/suu_emblem1.jpg,1,,
lawyer,법과대학 국제법무학과,major,법과대학,국제법무학과,,https://lawyer.ssu.ac.kr/%ed%95%99%ea%b3%bc-%ec%86%8c%ec%8b%9d/%ed%95%99%ea%b3%bc-%ea%b3%b5%ec%a7%80/,tr > td.title > a,div.td_box,,html,0,3,,,https://ssu.ac.kr/wp-content/uploads/2019/05/suu_emblem1.jpg,1,,
mysoongsil,사회과학대학 사회복지학부,major,사회과학대학,사회복지학부,,https://mysoongsil.ssu.ac.kr/%ea%b3%b5%ec%a7%80%ec%82%ac%ed%95%ad-2/%ed%95%99%eb%b6%80-%ea%b3%b5%ec%a7%80%ec%82%ac%ed%95%ad/,tr > td.title > a,#mform > table,,html,0,3,,,https://ssu.ac.kr/wp-content/uploads/2019/05/suu_emblem1.jpg,1,,
pubad,사회과학대학 행정학부,major,사회과학대학,행정학부,,https://pubad.ssu.ac.kr/%ec%a0%95%eb%b3%b4%ea%b4%91%ec%9e%a5/%ed%95%99%eb%b6%80-%ea%b3%b5%ec%a7%80%ec%82%ac%ed%95%ad/,tr > td.title > a,#mform > table,,html,0,3,,,https://ssu.ac.kr/wp-content/uploads/2019/05/suu_emblem1.jpg,1,,
politics,사회과학대학 정치외교학과,major,사회과학대학,정치외교학과,,https://politics.ssu.ac.kr/%ed%95%99%ea%b3%bc%ea%b3%b5%ec%a7%80/%ed%95%99%eb%b6%80-%ea%b3%b5%ec%a7%80%ec%82%ac%ed%95%ad/,tr > td.title > a,#mform > table,,html,0,3,,,https://ssu.ac.kr/wp-content/uploads/2019/05/suu_emblem1.jpg,1,,
inso,사회과학대학 정보사회학과,major,사회과학대학,정보사회학과,,http://inso.ssu.ac.kr/sub/sub04_01.php?category=%ED%95%99%EA%B3%BC%EA%B3%B5%EC%A7%80,tbody > tr > td.subject > a,#con_area > div.board_view + div.view_content,,html,0,3,,,https://ssu.ac.kr/wp-content/uploads/2019/05/suu_emblem1.jpg,1,,
masscom,사회과학대학 언론홍보학과,major,사회과학대학,언론홍보학과,,https://masscom.ssu.ac.kr/%ea%b3%b5%ec%a7%80%ec%82%ac%ed%95%ad/%ed%95%99%eb%b6%80%ea%b3%b5%ec%a7%80/,tr > td.title > a,#mform > table,,html,0,3,,,https://ssu.ac.kr/wp-content/uploads/2019/05/suu_emblem1.jpg,1,,
lifelongedu,사회과학대학 평생교육학과,major,사회과학대학,평생교육학과,,http://lifelongedu.ssu.ac.kr/bbs/board.php?bo_table=univ,,,,html,0,3,,,https://ssu.ac.kr/wp-content/uploads/2019/05/suu_emblem1.jpg,1,셀렉터 미정,
eco,경제통상대학 경제학과,major,경제통상대학,경제학과,,https://eco.ssu.ac.kr/bbs/board.php?bo_table=notice,tbody > tr > td > div > a,#bo_v,,html,0,3,1355609054629593289,,https://ssu.ac.kr/wp-content/uploads/2019/05/suu_emblem1.jpg,1,,
gtrade,경제통상대학 글로벌통상학과,major,경제통상대학,글로벌통상학과,,https://gtrade.ssu.ac.kr/%ed%95%99%eb%b6%80%ec%95%8c%eb%a6%bc/%ea%b3%b5%ec%a7%80%ec%82%ac%ed%95%ad/,tr > td.title > a,#mform > table,,html,0,3,,,https://ssu.ac.kr/wp-content/uploads/2019/05/suu_emblem1.jpg,1,,
ecofinance,경제통상대학 금융경제학과,major,경제통상대학,금융경제학과,,https://ecofinance.ssu.ac.kr/board/notice,tbody > tr > td.td-title > a,#post-content,,html,0,3,,,https://ssu.ac.kr/wp-content/uploads/2019/05/suu_emblem1.jpg,1,,
itrans,경제통상대학 국제무역학과,major,경제통상대학,국제무역학과,,https://itrans.ssu.ac.kr/community/%ea%b3%b5%ec%a7%80%ec%82%ac%ed%95%ad/,tr > td.title > a,#mform > table,,html,0,3,,,https://ssu.ac.kr/wp-content/uploads/2019/05/suu_emblem1.jpg,1,,
biz,경영대학 경영학부,major,경영대학,경영학부,,http://biz.ssu.ac.kr/bbs/list.do?bId=BBS_03_NOTICE,li > div > a,#contents,,html,0,3,,,https://ssu.ac.kr/wp-content/uploads/2019/05/suu_emblem1.jpg,1,,
accounting,경영대학 회계학과,major,경영대학,회계학과,,https://accounting.ssu.ac.kr/%ea%b2%8c%ec%8b%9c%ed%8c%90/%ed%96%89%ec%a0%95%ea%b3%b5%ec%a7%80%ec%82%ac%ed%95%ad/,tr > td.title > a,#mform > table,,html,0,3,,,https://ssu.ac.kr/wp-content/uploads/2019/05/suu_emblem1.jpg,1,,
ensb,경영대학 벤처중소기업학과,major,경영대학,벤처중소기업학과,,https://ensb.ssu.ac.kr/%ed%95%99%eb%b6%80%ec%95%8c%eb%a6%bc/%ed%95%99%eb%b6%80%ea%b3%b5%ec%a7%80%ec%82%ac%ed%95%ad/,table > tbody > tr > td.title > a,#mform > table,,html,0,3,,,https://ssu.ac.kr/wp-content/uploads/2019/05/suu_emblem1.jpg,1,,
finance,경영대학 금융학부,major,경영대학,금융학부,,https://finance.ssu.ac.kr/%ea%b2%8c%ec%8b%9c%ed%8c%90/%ed%96%89%ec%a0%95%ea%b3%b5%ec%a7%80%ec%82%ac%ed%95%ad/,tr > td.title > a,#mform > table,,html,0,3,,,https://ssu.ac.kr/wp-content/uploads/2019/05/suu_emblem1.jpg,1,,
mgmt,경영대학 벤처경영학과,major,경영대학,벤처경영학과,,https://mgmt.ssu.ac.kr/%ed%95%99%ec%82%ac%ec%95%88%eb%82%b4/%ea%b3%b5%ec%a7%80%ec%82%ac%ed%95%ad/,body > div.container.ssu02_bg01 > div > section > div.sub_wrap > div.card_wrap > div > a,body > div.container.ssu02_bg01 > div > section > div.sub_wrap > div.table_wrap > table > tbody,,html,0,3,,,https://ssu.ac.kr/wp-content/uploads/2019/05/suu_emblem1.jpg,1,,
innobiz,경영대학 혁신경영학과,major,경영대학,혁신경영학과,,https://innobiz.ssu.ac.kr/%ed%95%99%ec%82%ac%ec%95%88%eb%82%b4/%ea%b3%b5%ec%a7%80%ec%82%ac%ed%95%ad/,tr > td.title > a,#mform > table,,html,0,3,,,https://ssu.ac.kr/wp-content/uploads/2019/05/suu_emblem1.jpg,1,,
bokjimgt,경영대학 복지경영학과,major,경영대학,복지경영학과,,https://bokjimgt.ssu.ac.kr/%ed%95%99%ec%82%ac%ec%95%88%eb%82%b4/%ea%b3%b5%ec%a7%80%ec%82%ac%ed%95%ad/,tr > td.title > a,#mform > table,,html,0,3,,,https://ssu.ac.kr/wp-content/uploads/2019/05/suu_emblem1.jpg,1,,
actx,경영대학 회계세무학과,major,경영대학,회계세무학과,,https://actx.ssu.ac.kr/%ed%95%99%ec%82%ac%ec%95%88%eb%82%b4/m2sub1/,tr > td.title > a,#mform > table,,html,0,3,,,https://ssu.ac.kr/wp-content/uploads/2019/05/suu_emblem1.jpg,1,,
chemeng,공과대학 화학공학과,major,공과대학,화학공학과,,http://chemeng.ssu.ac.kr/sub/sub03_01.php,table > tbody > tr > td.subject > a,#contentArea > div.real-cont > div > div.board-view,,html,0,3,,,https://ssu.ac.kr/wp-content/uploads/2019/05/suu_emblem1.jpg,1,,
materials,공과대학 신소재공학과,major,공과대학,신소재공학과,,https://materials.ssu.ac.kr/bbs/board.php?tbl=bbs51,,#sub_contents > div > div.conbody > div.sub0501_view_wrap > div > div > div.tit_box + div.view_box,,dom_materials,0,3,,,https://ssu.ac.kr/wp-content/uploads/2019/05/suu_emblem1.jpg,1,,
ee,공과대학 전기공학부,major,공과대학,전기공학부,,http://ee.ssu.ac.kr/sub/sub05_02.php,ul > li > div.subject > a,#contArea > div > div.board-view,,html,0,3,,,https://ssu.ac.kr/wp-content/uploads/2019/05/suu_emblem1.jpg,1,,
me,공과대학 기계공학부,major,공과대학,기계공학부,,https://me.ssu.ac.kr/notice/notice01.php,table > tbody > tr > td.subject > a,#inner_wrap > div.sub_con > div > div.view_tit + div.view_date + div.view_con,,html,0,3,,,https://ssu.ac.kr/wp-content/uploads/2019/05/suu_emblem1.jpg,1,,
iise,공과대학 산업·정보시스템공학과,major,공과대학,산업·정보시스템공학과,,https://iise.ssu.ac.kr/cummunity/notice/,table > tbody > tr > td.title > a,#mform > table > tbody,,html,0,3,,,https://ssu.ac.kr/wp-content/uploads/2019/05/suu_emblem1.jpg,1,,
soar,공과대학 건축학부,major,공과대학,건축학부,,https://soar.ssu.ac.kr/news/notice/,table > tbody > tr > td.title > a,#mform > table > tbody,,html,0,3,,,https://ssu.ac.kr/wp-content/uploads/2019/05/suu_emblem1.jpg,1,,
cse,IT대학 컴퓨터학부,major,IT대학,컴퓨터학부,,https://cse.ssu.ac.kr/bbs/board.php?bo_table=notice,table > tbody > tr > td.td_subject > div > a,#bo_v,,html,0,3,1358816727256793318,,https://ssu.ac.kr/wp-content/uploads/2019/05/suu_emblem1.jpg,1,,
infocom,IT대학 전자정보공학부 전자정보공학부,major,IT대학,전자정보공학부,전자정보공학부,http://infocom.ssu.ac.kr/kor/notice/undergraduate.php,#board > div.list_box > a,#board > div.view_box,,html,0,3,1398017032666222744,,https://ssu.ac.kr/wp-content/uploads/2019/05/suu_emblem1.jpg,1,,
infocom_IT융합전공,IT대학 전자정보공학부 IT융합전공,major,IT대학,전자정보공학부,IT융합전공,http://infocom.ssu.ac.kr/kor/notice/undergraduate.php,#board > div.list_box > a,#board > div.view_box,,html,0,3,,,https://ssu.ac.kr/wp-content/uploads/2019/05/suu_emblem1.jpg,1,,
media,IT대학 글로벌미디어학부,major,IT대학,글로벌미디어학부,,https://media.ssu.ac.kr/board/notices,,,,json_api,0,3,,,https://ssu.ac.kr/wp-content/uploads/2019/05/suu_emblem1.jpg,1,,"{""list_url"": ""https://3-37-127-112.sslip.io/v1/board/?page={page}&size=15&menuId=136"", ""list_path"": ""data.boards"", ""id_key"": ""id"", ""title_key"": ""title"", ""content_key"": ""content"", ""content_format"": ""lexical"", ""url_template"": ""https://media.ssu.ac.kr/board/notices/{id}"", ""page_base"": 0, ""headers"": {""Origin"": ""https://media.ssu.ac.kr"", ""Referer"": ""https://media.ssu.ac.kr/""}}"
sw,IT대학 소프트웨어학부,major,IT대학,소프트웨어학부,,https://sw.ssu.ac.kr/bbs/board.php?bo_table=notice,tbody > tr > td.td_subject > div > a,#bo_v,,html,0,3,,,https://ssu.ac.kr/wp-content/uploads/2019/05/suu_emblem1.jpg,1,,
aix,IT대학 AI융합학부,major,IT대학,AI융합학부,,https://aix.ssu.ac.kr/notice.html,div.table-responsive > table.table td > a,#contentArea > div.content_box > div > div > div.table-responsive,,html,0,3,1360537451981967390,,https://ssu.ac.kr/wp-content/uploads/2019/05/suu_emblem1.jpg,1,,
mediamba,IT대학 미디어경영학과,major,IT대학,미디어경영학과,,https://api.mediamba.ssu.ac.kr/v1/board/?page=0&size=15&menuId=89&content=,,,,json_mediamba,0,3,,,https://ssu.ac.kr/wp-content/uploads/2019/05/suu_emblem1.jpg,1,,
sec,IT대학 정보보호학과,major,IT대학,정보보호학과,,https://sec.ssu.ac.kr/bbs/board.php?bo_table=notice,table > tbody > tr > td.td_subject > div > a,#bo_v,,html,0,3,,,https://ssu.ac.kr/wp-content/uploads/2019/05/suu_emblem1.jpg,1,,
sls,베어드학부대학 자유전공학부,major,베어드학부대학,자유전공학부,,https://sls.ssu.ac.kr/%ed%95%99%eb%b6%80%ec%86%8c%ec%8b%9d/%ea%b3%b5%ec%a7%80%ec%82%ac%ed%95%ad/,tr > td.title > a,div.td_box,,html,0,3,,,https://ssu.ac.kr/wp-content/uploads/2019/05/suu_emblem1.jpg,1,,
disu,차세대반도체학과 차세대반도체학과,major,차세대반도체학과,차세대반도체학과,,https://www.disu.ac.kr/community/notice,tbody > tr > td.title.noti-tit > a,#printbody > div,,html,0,3,1355609212016918608,,https://ssu.ac.kr/wp-content/uploads/2019/05/suu_emblem1.jpg,1,,
startup,숭실대학교 창업지원단,etc,,창업지원단,,https://startup.ssu.ac.kr/board/notice,,,https://startup.ssu.ac.kr,json_api,0,3,1397154831579484273,,https://ssu.ac.kr/wp-content/uploads/2019/05/suu_emblem1.jpg,1,sauron 계승. JS렌더 가능성-크롤 확인 필요,"{""list_url"": ""https://startup.ssu.ac.kr/api/board/content/list?boardEnName=notice&categoryCodeId&pageNum={page}&searchMonth"", ""list_path"": ""data.content.list"", ""id_key"": ""boardContentId"", ""title_key"": ""boardTitle"", ""content_key"": ""boardContent"", ""content_format"": ""html"", ""url_template"": ""https://startup.ssu.ac.kr/board/notice/{id}?boardEnName=notice"", ""page_base"": 1}"
disu_polaris,차세대반도체학과 POLARIS,major,차세대반도체학과,차세대반도체학과,POLARIS,https://www.disu.ac.kr/community/notice?cidx=38&page={{page}},tbody > tr > td.title.noti-tit > a,#printbody > div,,html,0,3,1355609212016918608,,https://ssu.ac.kr/wp-content/uploads/2019/05/suu_emblem1.jpg,1,sauron 계승(disu 채널 공유),
